sample_id,raw_start,raw_end,window_id,source_node,target_node,active,focal_prediction_delta_abs,paired_effect_mean
0,11424,11615,0,0,2,True,0.0024643850047141314,0.00013708991173189133
71,11495,11686,0,0,2,False,0.0,0.0
143,11567,11758,0,0,2,True,0.0026536781806498766,-0.00017172830121126026
214,11638,11829,0,0,2,False,0.0,0.0
286,11710,11901,0,0,2,True,0.0028430107049643993,0.0002931581257143989
357,11781,11972,0,0,2,True,0.0009487434290349483,0.00033177988734678365
428,11852,12043,0,0,2,True,0.0030298475176095963,-0.0002270164550282061
500,11924,12115,0,0,2,True,0.0022336156107485294,-0.0001734076504362747
571,11995,12186,0,0,2,False,0.0,0.0
642,12066,12257,0,0,2,True,0.0014225214254111052,-0.00011344626545906067
714,12138,12329,0,0,2,False,0.0,0.0
785,12209,12400,0,0,2,True,0.0027781063690781593,-0.0013983342214487493
857,12281,12472,0,0,2,True,0.0005527534522116184,-0.00018622061543283053
928,12352,12543,0,0,2,True,0.007038085721433163,0.002949867252027616
999,12423,12614,0,0,2,True,0.0029122079722583294,0.00026582756254356354
1071,12495,12686,0,0,2,False,0.0,0.0
1142,12566,12757,0,0,2,True,0.003907639533281326,0.00011923638521693647
1214,12638,12829,0,0,2,False,0.0,0.0
1285,12709,12900,0,0,2,True,0.0015349584864452481,-0.0005725558148697019
1356,12780,12971,0,0,2,True,0.0016594817861914635,-0.0003310825486551039
1428,12852,13043,0,0,2,True,0.004381755832582712,-0.0004607437876984477
1499,12923,13114,0,0,2,True,0.004794128704816103,-0.00025737532996572554
1570,12994,13185,0,0,2,False,0.0,0.0
1642,13066,13257,0,0,2,True,0.0016095757018774748,-9.671266161603853e-05
1713,13137,13328,0,0,2,False,0.0,0.0
1785,13209,13400,0,0,2,True,0.00198203488253057,0.0004743710669572465
1856,13280,13471,0,0,2,True,0.000870682648383081,-0.0006034692487446591
1927,13351,13542,0,0,2,True,0.0039008264429867268,0.0012799707619706169
1999,13423,13614,0,0,2,True,0.004092774353921413,5.050322215538472e-05
2070,13494,13685,0,0,2,False,0.0,0.0
2142,13566,13757,0,0,2,True,0.0016710758209228516,-0.00023646561021450907
2213,13637,13828,0,0,2,False,0.0,0.0
2284,13708,13899,0,0,2,True,0.003238741075620055,0.0007336586058954708
2356,13780,13971,0,0,2,True,0.0013938455376774073,0.0005602084274869412
2427,13851,14042,0,0,2,True,0.00106718298047781,-0.0019319276616442949
2498,13922,14113,0,0,2,True,0.003056959016248584,0.0005830705777043477
2570,13994,14185,0,0,2,False,0.0,0.0
2641,14065,14256,0,0,2,True,0.00394072663038969,0.0007785772904753685
2713,14137,14328,0,0,2,False,0.0,0.0
2784,14208,14399,0,0,2,True,0.005568875931203365,0.0022752600634703413
0,11424,11615,0,0,4,True,0.0014207070926204324,-0.00103704773937352
71,11495,11686,0,0,4,False,0.0,0.0
143,11567,11758,0,0,4,True,0.0010534565662965178,-0.001971977617358789
214,11638,11829,0,0,4,False,0.0,0.0
286,11710,11901,0,0,4,True,0.0010776089038699865,-0.0016929189005168155
357,11781,11972,0,0,4,True,0.00037904182681813836,-0.0003091344151471276
428,11852,12043,0,0,4,True,0.0009783093119040132,-0.002534996936446987
500,11924,12115,0,0,4,True,0.001023516757413745,-0.0015347688604379073
571,11995,12186,0,0,4,False,0.0,0.0
642,12066,12257,0,0,4,True,0.0006385720334947109,-0.0009953893313650042
714,12138,12329,0,0,4,False,0.0,0.0
785,12209,12400,0,0,4,True,0.001777989906258881,-0.0025234652421204373
857,12281,12472,0,0,4,True,0.00026995580992661417,-0.0005043679630034603
928,12352,12543,0,0,4,True,0.00228127115406096,-0.0024015491362661123
999,12423,12614,0,0,4,True,0.001297248643822968,-0.001551001681946218
1071,12495,12686,0,0,4,False,0.0,0.0
1142,12566,12757,0,0,4,True,0.0017571819480508566,-0.002300028398167342
1214,12638,12829,0,0,4,False,0.0,0.0
1285,12709,12900,0,0,4,True,0.0008843105752021074,-0.0013045347150182351
1356,12780,12971,0,0,4,True,0.0007124450639821589,-0.0013964988611405715
1428,12852,13043,0,0,4,True,0.0024303572718054056,-0.0026560671685729176
1499,12923,13114,0,0,4,True,0.0025153080932796,-0.0028210485179442912
1570,12994,13185,0,0,4,False,0.0,0.0
1642,13066,13257,0,0,4,True,0.0008074036450125277,-0.000999156225589104
1713,13137,13328,0,0,4,False,0.0,0.0
1785,13209,13400,0,0,4,True,0.0008794846362434328,-0.0007659979601157829
1856,13280,13471,0,0,4,True,0.0005147437332198024,-0.0010039005283033475
1927,13351,13542,0,0,4,True,0.0013312814990058541,-0.0016107673000078648
1999,13423,13614,0,0,4,True,0.0027339875232428312,-0.0014781319623580202
2070,13494,13685,0,0,4,False,0.0,0.0
2142,13566,13757,0,0,4,True,0.0010246423771604896,-0.0009637032344471663
2213,13637,13828,0,0,4,False,0.0,0.0
2284,13708,13899,0,0,4,True,0.002730974229052663,0.00016242090350715443
2356,13780,13971,0,0,4,True,0.0007106580305844545,-0.0002083775179926306
2427,13851,14042,0,0,4,True,0.00030580745078623295,-0.002788475132547319
2498,13922,14113,0,0,4,True,0.0011508967727422714,-0.0015612494462402537
2570,13994,14185,0,0,4,False,0.0,0.0
2641,14065,14256,0,0,4,True,0.0018352135084569454,-0.0015901249716989696
2713,14137,14328,0,0,4,False,0.0,0.0
2784,14208,14399,0,0,4,True,0.002727867802605033,-0.0009208740812027827
0,11424,11615,1,0,3,True,0.0021050218492746353,-0.0008344039535866333
71,11495,11686,1,0,3,False,0.0,0.0
143,11567,11758,1,0,3,True,0.0028623449616134167,-0.0013565550414988631
214,11638,11829,1,0,3,True,0.00026148356846533716,-4.6285605864026234e-05
286,11710,11901,1,0,3,True,0.0038115442730486393,-0.000429347569409471
357,11781,11972,1,0,3,True,0.0026422743685543537,-0.00018122807915250862
428,11852,12043,1,0,3,False,0.0,0.0
500,11924,12115,1,0,3,True,0.0015888797352090478,-0.0005861348024784373
571,11995,12186,1,0,3,False,0.0,0.0
642,12066,12257,1,0,3,True,0.001563843572512269,-0.000793902284035889
714,12138,12329,1,0,3,True,0.0009650705032981932,-0.0005962816671504138
785,12209,12400,1,0,3,True,0.0024449315387755632,-0.0006451534931189739
857,12281,12472,1,0,3,True,0.00173666188493371,-0.0001501387540394296
928,12352,12543,1,0,3,False,0.0,0.0
999,12423,12614,1,0,3,True,0.0016744434833526611,-0.0007282018061512364
1071,12495,12686,1,0,3,False,0.0,0.0
1142,12566,12757,1,0,3,True,0.002934931544587016,-0.00039914952895532454
1214,12638,12829,1,0,3,True,0.000992627115920186,-0.00015619865958937094
1285,12709,12900,1,0,3,True,0.0018873647786676884,-0.0001334899212591923
1356,12780,12971,1,0,3,True,0.0013933399459347129,-0.0003257039128444516
1428,12852,13043,1,0,3,False,0.0,0.0
1499,12923,13114,1,0,3,True,0.0016182216349989176,0.00018607648179078335
1570,12994,13185,1,0,3,False,0.0,0.0
1642,13066,13257,1,0,3,True,0.0025270471815019846,-0.0007006545157100144
1713,13137,13328,1,0,3,True,0.0016601397655904293,-5.2690460086943355e-05
1785,13209,13400,1,0,3,True,0.0012309669982641935,-5.67379935931128e-05
1856,13280,13471,1,0,3,True,0.0018264824757352471,-0.0003924130220324374
1927,13351,13542,1,0,3,False,0.0,0.0
1999,13423,13614,1,0,3,True,0.0023316231090575457,-0.0008982416967718075
2070,13494,13685,1,0,3,False,0.0,0.0
2142,13566,13757,1,0,3,True,0.0018029131460934877,-0.00010795442190451128
2213,13637,13828,1,0,3,True,0.0012665139511227608,-5.491973850159696e-05
2284,13708,13899,1,0,3,True,0.0026005003601312637,0.00033354465043745375
2356,13780,13971,1,0,3,True,0.0010144764091819525,-9.332816429937678e-05
2427,13851,14042,1,0,3,False,0.0,0.0
2498,13922,14113,1,0,3,True,0.001813071663491428,-0.0005898562465937664
2570,13994,14185,1,0,3,False,0.0,0.0
2641,14065,14256,1,0,3,True,0.001786497188732028,-0.0009463917723713587
2713,14137,14328,1,0,3,True,0.0014508949825540185,-0.0008471456419031778
2784,14208,14399,1,0,3,False,0.0,0.0
0,11424,11615,1,0,4,True,0.002424220321699977,-0.0004906517525131884
71,11495,11686,1,0,4,False,0.0,0.0
143,11567,11758,1,0,4,True,0.0034519678447395563,-0.0007215765519784046
214,11638,11829,1,0,4,True,0.00031026414944790304,6.24732750181394e-06
286,11710,11901,1,0,4,True,0.004578460939228535,0.00039656268647656964
357,11781,11972,1,0,4,True,0.0033976035192608833,0.000632203313916062
428,11852,12043,1,0,4,False,0.0,0.0
500,11924,12115,1,0,4,True,0.001976917264983058,-0.00016824823195258016
571,11995,12186,1,0,4,False,0.0,0.0
642,12066,12257,1,0,4,True,0.0017604648601263762,-0.0005821562819899274
714,12138,12329,1,0,4,True,0.0008452343754470348,-0.0007253359586824304
785,12209,12400,1,0,4,True,0.0017062741098925471,-0.0014406307242237604
857,12281,12472,1,0,4,True,0.001382565009407699,-0.0005314738507597493
928,12352,12543,1,0,4,False,0.0,0.0
999,12423,12614,1,0,4,True,0.001505386782810092,-0.0009102628682740033
1071,12495,12686,1,0,4,False,0.0,0.0
1142,12566,12757,1,0,4,True,0.002954434137791395,-0.00037814673627368546
1214,12638,12829,1,0,4,True,0.0012594842119142413,0.00013118590532730403
1285,12709,12900,1,0,4,True,0.0014352547004818916,-0.0006203776977669736
1356,12780,12971,1,0,4,True,0.0018983428599312901,0.00021814537915186235
1428,12852,13043,1,0,4,False,0.0,0.0
1499,12923,13114,1,0,4,True,0.002044741529971361,0.0006454055994534148
1570,12994,13185,1,0,4,False,0.0,0.0
1642,13066,13257,1,0,4,True,0.0029503237456083298,-0.00024481821590318113
1713,13137,13328,1,0,4,True,0.001813545124605298,0.00011251531115983823
1785,13209,13400,1,0,4,True,0.0008463434060104191,-0.00047094801602025446
1856,13280,13471,1,0,4,True,0.002470392966642976,0.0003010290450989627
1927,13351,13542,1,0,4,False,0.0,0.0
1999,13423,13614,1,0,4,True,0.002669282490387559,-0.0005346085168779469
2070,13494,13685,1,0,4,False,0.0,0.0
2142,13566,13757,1,0,4,True,0.0014565481105819345,-0.0004809629216861839
2213,13637,13828,1,0,4,True,0.0013250518823042512,8.121110463085116e-06
2284,13708,13899,1,0,4,True,0.0018772720359265804,-0.00044531662178297435
2356,13780,13971,1,0,4,True,0.0006168822874315083,-0.0005215064492613936
2427,13851,14042,1,0,4,False,0.0,0.0
2498,13922,14113,1,0,4,True,0.002153832698240876,-0.00022288282455589902
2570,13994,14185,1,0,4,False,0.0,0.0
2641,14065,14256,1,0,4,True,0.00138813816010952,-0.001375393803195598
2713,14137,14328,1,0,4,True,0.0011229896917939186,-0.0012002744165679011
2784,14208,14399,1,0,4,False,0.0,0.0
0,11424,11615,1,5,4,True,0.001664431649260223,-0.0013088857074483084
71,11495,11686,1,5,4,False,0.0,0.0
143,11567,11758,1,5,4,True,0.0030665064696222544,-0.0011366888021047301
214,11638,11829,1,5,4,True,0.00021245267998892814,-9.908810114631284e-05
286,11710,11901,1,5,4,True,0.002753256820142269,-0.0015690417494624853
357,11781,11972,1,5,4,True,0.0017687907675281167,-0.001121902726411533
428,11852,12043,1,5,4,False,0.0,0.0
500,11924,12115,1,5,4,True,0.001481656450778246,-0.0007016060318654547
571,11995,12186,1,5,4,False,0.0,0.0
642,12066,12257,1,5,4,True,0.0015773847699165344,-0.0007793194560620645
714,12138,12329,1,5,4,True,0.0014112546341493726,-0.000115775680079913
785,12209,12400,1,5,4,True,0.0013760244473814964,-0.001796284206927969
857,12281,12472,1,5,4,True,0.000956551288254559,-0.0009902578581554384
928,12352,12543,1,5,4,False,0.0,0.0
999,12423,12614,1,5,4,True,0.0017401373479515314,-0.0006574545673524532
1071,12495,12686,1,5,4,False,0.0,0.0
1142,12566,12757,1,5,4,True,0.0019273554207757115,-0.0014842315084444215
1214,12638,12829,1,5,4,True,0.0005175714613869786,-0.0006677970567789788
1285,12709,12900,1,5,4,True,0.0015122058102861047,-0.0005375072718239748
1356,12780,12971,1,5,4,True,0.0012635510647669435,-0.00046547655410204944
1428,12852,13043,1,5,4,False,0.0,0.0
1499,12923,13114,1,5,4,True,0.0008025983697734773,-0.0006922870346058446
1570,12994,13185,1,5,4,False,0.0,0.0
1642,13066,13257,1,5,4,True,0.0036735187750309706,0.0005340072003981243
1713,13137,13328,1,5,4,True,0.0015327038709074259,-0.0001899291158994087
1785,13209,13400,1,5,4,True,0.0014768597902730107,0.00020806962857022882
1856,13280,13471,1,5,4,True,0.00239228131249547,0.00021690880217087967
1927,13351,13542,1,5,4,False,0.0,0.0
1999,13423,13614,1,5,4,True,0.003228388261049986,6.750538998928201e-05
2070,13494,13685,1,5,4,False,0.0,0.0
2142,13566,13757,1,5,4,True,0.0018182136118412018,-9.147699725312692e-05
2213,13637,13828,1,5,4,True,0.0008323498768731952,-0.0005224810492318983
2284,13708,13899,1,5,4,True,0.0019819997251033783,-0.000332532956515654
2356,13780,13971,1,5,4,True,0.0011051819892600179,4.3547680923859515e-06
2427,13851,14042,1,5,4,False,0.0,0.0
2498,13922,14113,1,5,4,True,0.0018609396647661924,-0.0005383060913747894
2570,13994,14185,1,5,4,False,0.0,0.0
2641,14065,14256,1,5,4,True,0.0026655381079763174,2.6767912249172493e-07
2713,14137,14328,1,5,4,True,0.0020924063865095377,-0.0001562872068741573
2784,14208,14399,1,5,4,False,0.0,0.0
0,11424,11615,2,5,4,True,0.000569462135899812,-0.0020218917883799543
71,11495,11686,2,5,4,True,0.00015800201799720526,-0.0001420072720585657
143,11567,11758,2,5,4,True,0.0009204545640386641,-0.002071274303099407
214,11638,11829,2,5,4,True,0.0009138787863776088,-0.0014096548381660667
286,11710,11901,2,5,4,False,0.0,0.0
357,11781,11972,2,5,4,True,0.0006390012567862868,-0.0023903114155733158
428,11852,12043,2,5,4,False,0.0,0.0
500,11924,12115,2,5,4,True,0.0006369069451466203,-0.0006403042186450744
571,11995,12186,2,5,4,True,0.00024820311227813363,-0.00010243349035070945
642,12066,12257,2,5,4,True,0.001411051140166819,-5.493180443798848e-05
714,12138,12329,2,5,4,True,0.0007842453778721392,-0.00022118570216532268
785,12209,12400,2,5,4,False,0.0,0.0
857,12281,12472,2,5,4,True,0.0008696399163454771,-0.0011393569210278137
928,12352,12543,2,5,4,False,0.0,0.0
999,12423,12614,2,5,4,True,0.001199207967147231,-0.0012563526730186175
1071,12495,12686,2,5,4,True,0.0004959111101925373,-0.0005150443425269
1142,12566,12757,2,5,4,True,0.0006156782619655132,-0.0020817913173232228
1214,12638,12829,2,5,4,True,0.0006380624254234135,-0.001027812241643135
1285,12709,12900,2,5,4,False,0.0,0.0
1356,12780,12971,2,5,4,True,0.0011070356704294682,-0.0005865649935523315
1428,12852,13043,2,5,4,False,0.0,0.0
1499,12923,13114,2,5,4,True,0.0015182939823716879,-0.000715204988539751
1570,12994,13185,2,5,4,True,0.0006730027380399406,-0.0005556915504192667
1642,13066,13257,2,5,4,True,0.0005273178685456514,-0.0022682854739416924
1713,13137,13328,2,5,4,True,6.177512841532007e-05,-0.0011359507261659019
1785,13209,13400,2,5,4,False,0.0,0.0
1856,13280,13471,2,5,4,True,0.0010381602915003896,-0.000502577392450933
1927,13351,13542,2,5,4,False,0.0,0.0
1999,13423,13614,2,5,4,True,0.001020593917928636,-0.0010193205421923529
2070,13494,13685,2,5,4,True,0.0005704074283130467,-0.000563877946530868
2142,13566,13757,2,5,4,True,0.003818884491920471,0.0008042959213655975
2213,13637,13828,2,5,4,True,0.0008323547663167119,-0.00035212271697153993
2284,13708,13899,2,5,4,False,0.0,0.0
2356,13780,13971,2,5,4,True,0.0006190674612298608,-0.0007812787246491229
2427,13851,14042,2,5,4,False,0.0,0.0
2498,13922,14113,2,5,4,True,0.0007009205291979015,-0.002092446491587907
2570,13994,14185,2,5,4,True,0.0005299447220750153,-0.001570069039839187
2641,14065,14256,2,5,4,True,0.00019380648154765368,-0.00048028072758045577
2713,14137,14328,2,5,4,True,0.0005187384085729718,-0.0009541705533462977
2784,14208,14399,2,5,4,False,0.0,0.0
0,11424,11615,4,5,4,False,0.0,0.0
71,11495,11686,4,5,4,True,0.001576838199980557,-0.0010379598941653969
143,11567,11758,4,5,4,False,0.0,0.0
214,11638,11829,4,5,4,True,0.0001193721400341019,-0.0017876674217404797
286,11710,11901,4,5,4,True,0.0001041215073200874,-0.00048538929695496336
357,11781,11972,4,5,4,True,0.0015581463230773807,-0.002353456825949252
428,11852,12043,4,5,4,True,0.0007489320123568177,-0.0013205030700191855
500,11924,12115,4,5,4,False,0.0,0.0
571,11995,12186,4,5,4,True,0.0007438225438818336,-0.001754315453581512
642,12066,12257,4,5,4,False,0.0,0.0
714,12138,12329,4,5,4,True,0.0024609300307929516,-0.0011456203414127232
785,12209,12400,4,5,4,True,0.00041697893175296485,-0.00020980921690352263
857,12281,12472,4,5,4,True,0.0020459305960685015,-0.0005955137312412262
928,12352,12543,4,5,4,True,0.001627327990718186,-0.0005627610487863423
999,12423,12614,4,5,4,False,0.0,0.0
1071,12495,12686,4,5,4,True,0.0015518798027187586,-0.0015372834866866471
1142,12566,12757,4,5,4,False,0.0,0.0
1214,12638,12829,4,5,4,True,0.002642584964632988,-0.0014011097606271509
1285,12709,12900,4,5,4,True,0.0012270184233784676,-0.0008613097248598932
1356,12780,12971,4,5,4,True,0.005271764472126961,0.0011420501163229343
1428,12852,13043,4,5,4,True,0.002798983361572027,-0.0008100708713755012
1499,12923,13114,4,5,4,False,0.0,0.0
1570,12994,13185,4,5,4,True,0.0031505003571510315,7.94393243268134e-05
1642,13066,13257,4,5,4,False,0.0,0.0
1713,13137,13328,4,5,4,True,0.008625390008091927,0.004660620167851448
1785,13209,13400,4,5,4,True,0.001283997786231339,-3.521922044456014e-05
1856,13280,13471,4,5,4,True,0.005235346034169197,0.0023310081334784625
1927,13351,13542,4,5,4,True,0.004472714848816395,0.0005612319801002741
1999,13423,13614,4,5,4,False,0.0,0.0
2070,13494,13685,4,5,4,True,0.002160118892788887,-0.0006189041770994662
2142,13566,13757,4,5,4,False,0.0,0.0
2213,13637,13828,4,5,4,True,0.0029206040780991316,0.0007585324463434519
2284,13708,13899,4,5,4,True,0.0027594512794166803,0.0005356970243155955
2356,13780,13971,4,5,4,True,0.0006507657235488296,-0.0007989010075107217
2427,13851,14042,4,5,4,True,0.0012271511368453503,-0.0011670650099404158
2498,13922,14113,4,5,4,False,0.0,0.0
2570,13994,14185,4,5,4,True,0.002119577955454588,-0.0018259098287671804
2641,14065,14256,4,5,4,False,0.0,0.0
2713,14137,14328,4,5,4,True,0.002150885760784149,-0.0021700021810829636
2784,14208,14399,4,5,4,True,0.0038652662187814713,0.00034681139513850203
0,11424,11615,6,0,4,False,0.0,0.0
71,11495,11686,6,0,4,True,0.003902750788256526,0.0008807547856122255
143,11567,11758,6,0,4,True,0.0031018357258290052,0.0012500246853700706
214,11638,11829,6,0,4,False,0.0,0.0
286,11710,11901,6,0,4,True,0.005053923465311527,0.0031564386361943825
357,11781,11972,6,0,4,False,0.0,0.0
428,11852,12043,6,0,4,True,0.006375779863446951,0.0039728455677894604
500,11924,12115,6,0,4,True,0.0003262555110268295,-8.656810885960501e-05
571,11995,12186,6,0,4,True,0.0022817873395979404,-0.0005701743731541292
642,12066,12257,6,0,4,True,0.0015398869290947914,4.5727930098239927e-05
714,12138,12329,6,0,4,False,0.0,0.0
785,12209,12400,6,0,4,True,0.00474601099267602,0.0028035302446889026
857,12281,12472,6,0,4,False,0.0,0.0
928,12352,12543,6,0,4,True,0.0018594840075820684,9.011805689494528e-05
999,12423,12614,6,0,4,True,0.0003312595363240689,-0.000337509937318308
1071,12495,12686,6,0,4,True,0.0015589368995279074,2.4100931893502025e-05
1142,12566,12757,6,0,4,True,0.0013493152800947428,-0.0003093235593821322
1214,12638,12829,6,0,4,False,0.0,0.0
1285,12709,12900,6,0,4,True,0.0016563470708206296,-0.0007950950447203858
1356,12780,12971,6,0,4,False,0.0,0.0
1428,12852,13043,6,0,4,True,0.004531251732259989,0.002020690939389169
1499,12923,13114,6,0,4,True,0.0031795597169548273,0.0019248048774898052
1570,12994,13185,6,0,4,True,0.002297538798302412,-0.0004061198394213405
1642,13066,13257,6,0,4,True,0.001025684759952128,-0.0006590204845581735
1713,13137,13328,6,0,4,False,0.0,0.0
1785,13209,13400,6,0,4,True,0.0017044941196218133,-0.00012632408678265564
1856,13280,13471,6,0,4,False,0.0,0.0
1927,13351,13542,6,0,4,True,0.00562586635351181,0.0026500768061461194
1999,13423,13614,6,0,4,True,0.005631618667393923,0.003435273388666766
2070,13494,13685,6,0,4,True,0.0011109119514003396,-0.0024262670859960572
2142,13566,13757,6,0,4,True,0.003925912547856569,0.0015607816666098578
2213,13637,13828,6,0,4,False,0.0,0.0
2284,13708,13899,6,0,4,True,0.0018177019665017724,-0.00022591284609266684
2356,13780,13971,6,0,4,False,0.0,0.0
2427,13851,14042,6,0,4,True,0.008621151559054852,0.004008918668010405
2498,13922,14113,6,0,4,True,0.003940135706216097,0.002046686297814761
2570,13994,14185,6,0,4,True,0.001699211192317307,-0.0007049457802038106
2641,14065,14256,6,0,4,True,0.005563789047300816,0.0034449000044592787
2713,14137,14328,6,0,4,False,0.0,0.0
2784,14208,14399,6,0,4,True,0.002985413186252117,0.00028031345989022955
